Title,Tele,Email,Web,Addy,Poblacion,Type
Mecanismo Structural Engineering,work: (0034) 915216991,info@mecanismo.es,http://www.mecanismo.es/,"Madrid, Spain",Archinect,Architecture / Design Firm,
ÁBATON Architects,work: +34 91 3521616,mk@abaton.es,http://www.despiertaymira.com/,x,Archinect,Architecture / Design Firm,
BATAVIA Interiorismo,work: + 34 91 594 2233,info@batavia.es,http://www.batavia.es/,"Madrid, Spain",Archinect,Architecture / Design Firm,
Steyn Studio,work: +44 (0)20 3239 0228,info@steynstudio.com,http://www.steynstudio.com/about/,x,Archinect,Architecture / Design Firm,
Miguel de Guzmán,work: +34 619088010,central@imagensubliminal.com,http://www.imagensubliminal.com/,"New York, NY, United States",Archinect,Architecture / Design Firm,
MESURA,http://mesura.eu/work/,info@mesura.eu,http://mesura.eu/work/,x,Archinect,Architecture / Design Firm,
OHLAB / oliver hernaiz architecture lab,work: 0034971919909,info@ohlab.net,http://www.ohlab.net/,"6a, Carrer Manuel Guasp, Palma, Spain",Archinect,Architecture / Design Firm,
Jose Luis Muñoz Muñoz,x,x,https://architizer.com/firms/jose-luis-munoz-munoz/,x,Archinect,Architecture / Design Firm,
XTEN Architecture,work: 310 773 4188,info@xtenarchitecture.com,http://xtenarchitecture.com,"Los Angeles, CA, United States",Archinect,Architecture / Design Firm,
MVN Arquitectos,work: +34915431753 / http://www.mvn-arquitectos.com/,mvn@mvn-arquitectos.com,http://www.mvn-arquitectos.com/,"Calle Explanada, Madrid, Spain",Archinect,Architecture / Design Firm,
Jamie Fobert Architects,work: 020 7553 6560,mail@jamiefobertarchitects.com,http://jamiefobertarchitects.com/,"London, United Kingdom",Archinect,Architecture / Design Firm,
Alberto Campo Baeza,x,estudio@campobaeza.com,http://www.campobaeza.com/,x,Archinect,Architecture / Design Firm,
Gus Wüstemann Architects,x,architects@guswustemann.com,http://www.guswustemann.com/,"Escullera de Poblenou, Barcelona, Spain",Archinect,Architecture / Design Firm,
Clavel Arquitectos,work: +34 968 212 314,clavel-arquitectos@clavel-arquitectos.com,http://www.clavel-arquitectos.com/,x,Archinect,Architecture / Design Firm,
FG+SG | Fotografia de Arquitectura,x,x,https://architizer.com/firms/fgsg-fotografia-de-arquitectura/,x,Archinect,Architecture / Design Firm,
Roland Halbe architectural photographer,x,x,https://architizer.com/firms/roland-halbe-architectural-photographer/,x,Archinect,Architecture / Design Firm,
CUAC Arquitectura,x,info@cuacarquitectura.com,http://www.cuacarquitectura.com/,"17, Calle San Jerónimo, Granada, Spain",Archinect,Architecture / Design Firm,
haro architects,work: +436505207541 ,office@haro-architects.com,http://www.haro-architects.com/,"Salzburg, Austria",Archinect,Architecture / Design Firm,
Adrià Goula,x,x,https://architizer.com/firms/adria-goula/,x,Archinect,Architecture / Design Firm,
Estudio ji Architects,cell: +34676973501 / work: +34965842845,info@estudioji.com,http://www.estudioji.com/,"41, Calle Conde de Altea, Altea, Spain",Archinect,Architecture / Design Firm,
Javier Callejas,x,x,https://architizer.com/firms/javier-callejas/,x,Archinect,Architecture / Design Firm,
estudio__entresitio,fax: +34917010331 / work: +34917010330,estudio@entresitio.com,http://www.entresitio.com/,x,Archinect,Architecture / Design Firm,
Josep MIAS ARCHITECTS,work: 0034 932 388 208,miasmail@miasarquitectes.com,http://www.miasarchitects.com/,x,Archinect,Architecture / Design Firm,
Duccio Malagamba Fotografía de Arquitectura,x,web@ducciomalagamba.com,http://www.ducciomalagamba.com,x,Archinect,Architecture / Design Firm,
Phormd,work: 07940757831,info@phormd.com,http://www.phormd.com,x,Archinect,Architecture / Design Firm,
JOFRE ROCA ARQUITECTES,fax: +34932269175 / work: +34932269175 / https://www.jofreroca.com/,estudi@jofreroca.com,https://www.jofreroca.com/,"Barcelona, Spain",Archinect,Architecture / Design Firm,
GUILLEM CARRERA arquitecte,cell: +34 678 157 483 / work: +34 977 92 06 56 / http://www.guillemcarrera.com/,guillemcarrera@coac.net,http://www.guillemcarrera.com/,"Tarragona, Spain",Archinect,Architecture / Design Firm,
Tuñón Architects,x,madrid@emiliotunon.com,http://www.emiliotunon.com/en,x,Archinect,Architecture / Design Firm,
ROMERA Y RUIZ ARQUITECTOS,work: 0034928368804,estudio@romerayruiz.com,http://www.romerayruiz.com/portal/es,x,Archinect,Architecture / Design Firm,
francisco mangado,fax: (+34) 948 17 65 05 / work: (+34) 948 27 62 02,mangado@fmangado.com,http://www.fmangado.com/,x,Archinect,Architecture / Design Firm,
destilat Design Studio GmbH,work: +43 1 97 444 20,office@destilat.at,http://www.destilat.at/,"Linz, Austria",Archinect,Architecture / Design Firm,
SV60 Cordón & Liñán Arquitectos,work: +34 954382002,sv60@agcordon.com,http://www.sv60.es/,"Seville, Spain",Archinect,Architecture / Design Firm,
ÃBATON,x,info@abaton.es,http://www.abaton.es/en,x,Archinect,Architecture / Design Firm,
Signature Group,x,x,https://architizer.com/firms/signature-group/,x,Archinect,Architecture / Design Firm,
Caballero+Colon,x,x,https://www.caballerocolon.com/,x,Archinect,Architecture / Design Firm,
Estudio Jesus Donaire,x,x,https://architizer.com/firms/estudio-jesus-donaire/,x,Archinect,Architecture / Design Firm,
grupo aranea,work: 0034 965 92 16 95,info@grupoaranea.net,http://www.grupoaranea.net/,x,Archinect,Architecture / Design Firm,
Fran Silvestre Arquitectos,work: 0034 963816561,info@fransilvestrearquitectos.com,http://www.fransilvestrearquitectos.com/,x,Archinect,Architecture / Design Firm,
DAVID FRUTOS,x,x,https://architizer.com/firms/david-frutos/,x,Archinect,Architecture / Design Firm,
PichArchitects,work: 0034 933 016 457,pr@picharchitects.com,http://www.picharchitects.com/,"Barcelona, Spain",Archinect,Architecture / Design Firm,
Ramon Esteve Estudio,fax: +34 96 315 55 34 / work: +34 96 351 04 34,info@ramonesteve.com,http://www.ramonesteve.com/,x,Archinect,Architecture / Design Firm,
Andrés Jaque Architects,x,oficina@andresjaque.net,http://andresjaque.net/wordpress/curriculo-y-contacto/,x,Archinect,Architecture / Design Firm,
Cadaval & Solà-Morales,x,x,http://www.ca-so.com/index.htm,x,Archinect,Architecture / Design Firm,
Pepe Gascón Arquitectura,work: 0034 937850623,info@pepegascon.com,http://www.pgarquitectura.es,"Barcelona, Spain",Archinect,Architecture / Design Firm,
Rubén Muedra Estudio de Arquitectura,work: +34 960 716 507,info@rubenmuedra.com,http://www.rubenmuedra.com,"Carrer de Sorní, València, Spain",Archinect,Architecture / Design Firm,
langarita-navarro,work: 34 91 564 59 84 / http://www.langarita-navarro.com/,estudio@langarita-navarro.com,http://www.langarita-navarro.com/,"8, Calle Grijalba, Madrid, Spain",Archinect,Architecture / Design Firm,
"marià castelló, architecture",work: 0034971328046,mcastello@m-ar.net,https://www.instagram.com/mcastello_arch,"Balearic Islands, PM, Spain",Archinect,Architecture / Design Firm,
NOMO STUDIO,work: +34 935 340 790,hello@nomostudio.eu,http://www.nomostudio.eu/,"80, Carrer de Marià Cubí, Barcelona, Spain",Archinect,Architecture / Design Firm,
Office of Architecture in Barcelona,x,info@ferrater.com,https://architizer.com/firms/office-of-architecture-in-barcelona/,"145, Carrer de Balmes, Barcelona, Spain",Archinect,Architecture / Design Firm,
TANGRAM Arquitectura + Diseño,work: 0034 605029262 / https://www.tangramarquitectura.es/,info@tangramarquitectura.es,https://www.tangramarquitectura.es/,"Zaragoza, Spain",Archinect,Architecture / Design Firm,
MIRAG Millet Ramoneda,fax: +34 93 476 28 12 / work: +34 93 476 28 11 / http://www.mirag.net/,mirag@mirag.net,http://www.mirag.net/,"Eixample, Barcelona, Spain",Archinect,Architecture / Design Firm,
Otto Medem Arquitectura S.L.,x,estudio@ottomedem.es,https://ottomedem.es/,"Pozuelo, Spain",Archinect,Architecture / Design Firm,
"Iñaqui Carnicero, head of Iñaqui Carnicero´s Architects",work: 0016073798176,icarnicero@gmail.com,http://www.inaquicarnicero.com/,"Ithaca, NY, United States",Archinect,Architecture / Design Firm,
Nook Architects,x,nookpeople@gmail.com,http://www.nookarchitects.com/,"258, Carrer de Lepant, Barcelona, Spain",Archinect,Architecture / Design Firm,
Wiel Arets Architects,work: +31 (0)43 3512200,press@wielaretsarchitects.com,http://www.wielaretsarchitects.com,x,Archinect,Architecture / Design Firm,
arnau estudi d'arquitectura,work: 972267030,info@arnauestudi.cat,http://www.arnauestudi.cat/,"3, Plaça Clara, Olot, Spain",Archinect,Architecture / Design Firm,
Egue y Seta,work: +34 981 118 089 / work: +34 912 999 994 / work: + 34 931 791 992,coruna@egueyseta.com,http://www.egueyseta.com/,"Polígono de Pocomaco, Spain",Archinect,Architecture / Design Firm,
Mateo Arquitectura,work: +34 932 186 358,info@mateo-arquitectura.com,http://www.mateo-arquitectura.com/,"39, Carrer de Teodor Roviralta, Barcelona, Spain",Archinect,Architecture / Design Firm,
Dom Arquitectura,work: +934100814,info@dom-arquitectura.com,http://www.dom-arquitectura.com/,"22, Carrer de Bordeus, Barcelona, Spain",Archinect,Architecture / Design Firm,
05 AM Arquitectura,work: +34 972013234,arquitectura@05am.com,http://www.05am.com/‎,"Girona, Spain",Archinect,Architecture / Design Firm,
Vaillo + Irigaray Architects,http://www.vailloirigaray.com/,estudio@vailloirigaray.com,http://www.vailloirigaray.com/,x,Archinect,Architecture / Design Firm,
Ricardo Bofill Taller de Arquitectura,work: +34-93-499.99.00,tallerbcn@bofill.com,http://www.ricardobofill.com/,x,Archinect,Architecture / Design Firm,
GRAS Reynés Arquitectos,work: +34971280912,press@gras-arquitectos.com,http://www.gras-arquitectos.com/,"24, Carrer de Son Armadans, Palma, Spain",Archinect,Architecture / Design Firm,
COR & Asociados,fax: 0034 965213929 / work: 0034 965213929,cor@cor.cc,http://www.cor.cc,x,Archinect,Architecture / Design Firm,
Luis Diaz Diaz,x,x,https://architizer.com/firms/luis-diaz-diaz/,x,Archinect,Architecture / Design Firm,
Lagula Arquitectes,x,lagulaarquitectes@gmail.com,http://www.lagula.to/,x,Archinect,Architecture / Design Firm,
Alfonso Alzugaray Arquitecto,work: +34 948 22 10 29,estudio@alzugaray.com,http://www.alzugaray.com/,x,Archinect,Architecture / Design Firm,
Gallardo Llopis Arquitectos,fax: 963937133 / work: 963931732,carlos@gallardo-llopis.com,http://www.gallardo-llopis.com,x,Archinect,Architecture / Design Firm,
Alventosa Morell Arquitectes,x,arquitectes@alventosamorell.com,http://www.alventosamorell.com/,x,Archinect,Architecture / Design Firm,
Otxotorena Arquitectos,work: 0034 948 170345,otx@telefonica.net,http://www.otxotorenaarquitectos.com/,"Pamplona, Spain",Archinect,Architecture / Design Firm,
"ca+a architects | Corona, Amaral + Asociados",work: +34 922 59 80 02,estudio@corona-amaral.com,http://www.corona-amaral.com/,"María Jiménez, Spain",Archinect,Architecture / Design Firm,
Rob Dubois · arquitecte,work: +34 938 675 801,rob@rob-dubois.com,http://www.rob-dubois.com/,"9, Avinguda Verge del Puig, Sant Celoni, Spain",Archinect,Architecture / Design Firm,
Pezo von Ellrichshausen,http://pezo.cl/,x,http://pezo.cl/,x,Archinect,Architecture / Design Firm,
OFFICE Kersten Geers David Van Severen,work: +32 2 503 05 71 / http://www.officekgdvs.com/,applications@officekgdvs.com / press@officekgdvs.com,http://www.officekgdvs.com/,x,Archinect,Architecture / Design Firm,
Hidalgo Hartman,x,x,https://architizer.com/firms/hidalgo-hartman/,x,Archinect,Architecture / Design Firm,
Subarquitectura,cell: 671038868 / work: 965135914,para@subarquitectura.com,http://www.subarquitectura.com,x,Archinect,Architecture / Design Firm,
Mario Corea Arquitectura,work: 0034 93 476 07 32,info@mariocorea.com,http://www.mariocorea.com/,x,Archinect,Architecture / Design Firm,
RipollTizon: Estudio de Arquitectura,x,estudio@ripolltizon.com,http://www.ripolltizon.com/,x,Archinect,Architecture / Design Firm,
Hollegha Arquitectos,x,hollegha@coal.es,http://www.hollegha.com/,"32, Calle Islas Bikini, Madrid, Spain",Archinect,Architecture / Design Firm,
PMMT Forward Thinking Healthcare Architecture,work: (+34) 932 055 376,info@pmmtarq.com,https://www.pmmtarquitectura.es/,"Madrid, Spain",Archinect,Architecture / Design Firm,
OLAestudio,cell: 654 753 493,hola@olaestudio.com,https://architizer.com/firms/olaestudio/,"A Coruña, Spain",Archinect,Architecture / Design Firm,
Paredes Pedrosa Arquitectos,x,x,http://www.paredespedrosa.com/,x,Archinect,Architecture / Design Firm,
PADILLA NICAS ARQUITECTOS,x,x,http://www.padillanicas.net/,x,Archinect,Architecture / Design Firm,
CREUSeCARRASCO,cell: 0034 981 210 710,creusecarrasco@gmail.com,http://www.creusecarrasco.com/index.php,x,Archinect,Architecture / Design Firm,
Guallart Architects,x,x,http://www.guallart.com/,x,Archinect,Architecture / Design Firm,
Juan Marco,x,x,http://www.juanmarco.net/arquitecto/index.html,x,Archinect,Architecture / Design Firm,
JAS Arquitectura,x,x,https://architizer.com/firms/jas-arquitectura/,x,Archinect,Architecture / Design Firm,
JUMA Architects,work: ‭+32 9 279 64 29,contact@jumaarchitects.com,http://www.jumaarchitects.com,"47, Hoge Heirweg, Sint-Martens-Latem, Belgium",Archinect,Architecture / Design Firm,
P + A,x,carles@pastor-associates.com,http://www.pastor-associates.com,"Barcelona, CT, Spain",Archinect,Architecture / Design Firm,
MDBA,work: +34 936670533,info@mdbarchitects.com,http://mdbarchitects.com/,"Barcelona, Spain",Archinect,Architecture / Design Firm,
FRPO Rodriguez & Oriol Architecture Landscape,work: +34 912 838 818,frpo@frpo.es,http://www.frpo.es/,x,Archinect,Architecture / Design Firm,
MUKA ARQUITECTURA,cell: (+34)652438435 / work: (+34)915220582,administracion@mukaarquitectura.com,http://www.mukaarquitectura.com,x,Archinect,Architecture / Design Firm,
BGAA / Burgos - Garrido Associated Architects,x,x,https://architizer.com/firms/bgaa-burgos-garrido-associated-architects/,x,Archinect,Architecture / Design Firm,
Z4Z4,cell: 8067732928,rafa@rafabeneytez.com / info@z4z4.es,http://z4z4.es/,x,Archinect,Architecture / Design Firm,
DAHL + GHG Architects,work: 917811000,estudio@dahl-ghg.com,http://www.dahl-ghg.com/,"Madrid, Spain",Archinect,Architecture / Design Firm,
Rocamora Arquitectura,x,angel@rocamoraarquitectura.com,http://rocamoraarquitectura.com/wp,x,Archinect,Architecture / Design Firm,
Joan Poca Arquitecte,x,joanpoca@gmail.com,https://architizer.com/firms/joan-poca-arquitecte/,"Terrassa, Spain",Archinect,Architecture / Design Firm,
Jordi Hidalgo Tané Arquitectura,x,1@2x.png,http://www.hidalgotane.com,x,Archinect,Architecture / Design Firm,
Studio Wet,work: 0034954374503,wet@studiowet.com,http://www.studiowet.com,"Calle Goles, Sevilla, Spain",Archinect,Architecture / Design Firm,
fuertespenedo arquitectos,x,info@fuertespenedo.com,http://fuertespenedo.com/,"Vigo, Spain",Archinect,Architecture / Design Firm,
MOGAS ARQUITECTES SL,work: +34 93 724 3618 / cell: +34 616 19 96 79,info@marq.cat,http://www.marq.cat/,"Sabadell, Spain",Archinect,Architecture / Design Firm,
BmasC Arquitectos,work: 0034 - 920 250 669,estudio@bmasc.es,http://www.bmasc.es/eng/index.html,x,Archinect,Architecture / Design Firm,
Ángel Baltanás,x,x,https://architizer.com/firms/angel-baltanas/,x,Archinect,Architecture / Design Firm,
Dröm Living,cell: 659 87 35 29,hola@dromliving.com,http://www.dromliving.com/,"Barcelona, Spain",Archinect,Architecture / Design Firm,
Bojaus,work: 0034 912240201,bojausinfo@gmail.com,http://www.bojaus.com/,x,Archinect,Architecture / Design Firm,
Camacho Macia Architects,x,estudio@camacho-macia.com,http://www.camacho-macia.com/,x,Archinect,Architecture / Design Firm,
HARQUITECTES,fax: 0034 937250048 / work: 0034 937250048,harquitectes@harquitectes.com,http://www.harquitectes.com/,x,Archinect,Architecture / Design Firm,
Raúl Sánchez Architects,work: 0034661344542 / work: 0034 931 623 578,rsa@raulsanchezarchitects.com,http://raulsanchezarchitects.com/,"32, Carrer d'Àvila, Barcelona, Spain",Archinect,Architecture / Design Firm,
Fragments,work: +34699698620,info@fragments.cat,http://www.fragments.cat/,"Olot, Spain",Archinect,Architecture / Design Firm,
Zooco Estudio,work: (+34) 917355490,zooco@zooco.es,http://www.zooco.es/,"40, Calle del Sol, Santander, Spain",Archinect,Architecture / Design Firm,
Elisa Valero Arquitectura,x,info@elisavalero.com,http://www.elisavalero.com/index.php,x,Archinect,Architecture / Design Firm,
Nan Arquitectos,cell: +34 658617408,info@nanarquitectos.com,http://www.nancontract.com/,x,Archinect,Architecture / Design Firm,
AABE,work: 003226872717,aa@aabe.be,http://www.aabe.be/,x,Archinect,Architecture / Design Firm,
FLEXO Arquitectura,x,flexo@flexoarquitectura.com,http://www.flexoarquitectura.com/,x,Archinect,Architecture / Design Firm,
Herreros Arquitectos,work: +34 915227769,estudio@herrerosarquitectos.com,http://www.herrerosarquitectos.com,x,Archinect,Architecture / Design Firm,
KRESINGS,work: +49 211 497 69 59 0 / work: +49 211 497 69 59 0 / work: +49 251 987 78 0,press@kresings.com,http://www.kresings.com/,"Düsseldorf, Germany",Archinect,Architecture / Design Firm,
IND [Inter National Design],x,x,https://architizer.com/firms/ind-inter-national-design/,x,Archinect,Architecture / Design Firm,
Carlos Arroyo Architects,fax: +34 91 532 47 36 / work: +34 91 521 35 69,info@carlosarroyo.net,http://www.carlosarroyo.net,x,Archinect,Architecture / Design Firm,
La Errería * architecture office,work: +34966935300,info@erreria.com,http://www.erreria.com,"2, Calle María Auxiliadora, Novelda, Spain",Archinect,Architecture / Design Firm,
Díaz y Díaz Arquitectos,work: 0034913523109 / work: 0034981206105,estudiomadrid@diazydiazarquitectos.com,http://www.diazydiazarquitectos.com/,"16, Rúa de Tinallas, A Coruña, Spain",Archinect,Architecture / Design Firm,
Miel Arquitectos,x,info@mielarquitectos.com,http://www.barcelonarchitecturewalks.com/,x,Archinect,Architecture / Design Firm,
NOEM,work: +34 649 867 089,contact@noem.com,http://www.noem.com/,"Barcelona, Spain",Archinect,Architecture / Design Firm,
Anna & Eugeni Bach,work: +34932002911,barch@coac.net,http://www.annaeugenibach.com/,"24, Carrer d'Hercegovina, Barcelona, Spain",Archinect,Architecture / Design Firm,
Roberto Ercilla Arquitectura,x,x,http://www.robertoercilla.com/,x,Archinect,Architecture / Design Firm,
AQSO,fax: 0034911019095 / work: 0034917710294,office@aqso.net,https://aqso.net,x,Archinect,Architecture / Design Firm,
beautell arquitectos,work: +34 922897034,info@beautellarquitectos.com,http://www.beautellarquitectos.com/,"Santa Cruz de Tenerife, Spain",Archinect,Architecture / Design Firm,
GGA GARCIAGERMAN ARQUITECTOS,work: +34 915 638 845,info@garciagerman.com,http://www.garciagerman.com/,x,Archinect,Architecture / Design Firm,
DNA BARCELONA ARCHITECTS,x,marketing@dna-arq.com,http://dna-barcelona.com/,"Barcelona, Spain",Archinect,Architecture / Design Firm,
Vilalta Studio,work: +34931702764 / web: www.vilalta.studio,contact@vilalta.studio,http://www.vilalta.studio,"359, Carrer de València, Barcelona, Spain",Archinect,Architecture / Design Firm,
Scalar Architecture,work: 646 342 2244 / http://www.scalararchitecture.com,info@scalararchitecture.com,http://www.scalararchitecture.com,"180, Varick Street, Manhattan, New York, NY, United States",Archinect,Architecture / Design Firm,
GANA Arquitectura,x,info@galisteonavarro.com,http://www.ganaarquitectura.com/,x,Archinect,Architecture / Design Firm,
Mano de Santo,cell: +34 960 03 70 27,press@manodsanto.com,https://architizer.com/firms/mano-de-santo/,"16, Carrer de Maldonado, València, Spain",Archinect,Architecture / Design Firm,
Singular Studio,work: +34 966447029,info@singularstudio.es,http://www.singularstudio.es/,"Xàbia, Spain",Archinect,Architecture / Design Firm,
HozFontán,x,estudio@hozfontanarquitectos.com,http://www.hozfontanarquitectos.com,"San Sebastián, Spain",Archinect,Architecture / Design Firm,
DG Arquitecto Valencia,work: 629196714,dgarquitectovalencia@gmail.com,https://dgarquitecto.blogspot.com,"Valencia, Spain",Archinect,Architecture / Design Firm,
M2Arquitectura: Meritxell Lázaro and Mischa Essletzbichler,x,info@m2arquitectura.es,http://www.m2arquitectura.es/,"Barcelona, Spain",Archinect,Architecture / Design Firm,
CAVAA,cell: +34 678658439,cavaa@cavaa.net,https://architizer.com/firms/cavaa/,"Barcelona, Spain",Archinect,Architecture / Design Firm,
Raúl García Studio,work: (+34) 616 688 570,info@raulgarcia-studio.com,http://www.raulgarcia-studio.com/,"Valencia, Spain",Archinect,Architecture / Design Firm,
FAQ arquitectura,x,estudio@faq-arquitectura.com,http://www.faq-arquitectura.com/,"Seville, Spain",Archinect,Architecture / Design Firm,
Jose Hevia,x,x,https://architizer.com/firms/jose-hevia/,x,Archinect,Architecture / Design Firm,
Zest Architecture,work: +34 932 186 622,info@zestarchitecture.com,http://www.zestarchitecture.com/,"Barcelona, Spain",Archinect,Architecture / Design Firm,
"tecDesign, Inc.",x,x,https://architizer.com/firms/tecdesign-inc/,x,Archinect,Architecture / Design Firm,
Rojo / Fernández-Shaw Arquitectos,x,proyectos@rojofernandezshaw.es,http://www.rojofernandezshaw.es/,x,Archinect,Architecture / Design Firm,
A-cero,fax: +34 917 997 985 / work: +34 917 997 984,a-cero@a-cero.com,http://www.a-cero.com/,x,Archinect,Architecture / Design Firm,
Husos Architects,cell: +34 657133281,plataforma@husos.info,http://husos.info/,x,Archinect,Architecture / Design Firm,
elii [architecture office],work: (+34) 915 048 352,info@elii.es,http://www.elii.es/,"3, Calle Maestro Arbós, Madrid, Spain",Archinect,Architecture / Design Firm,
Patxi Cortazar Arquitecto,x,pcv@patxicortazar.com,http://www.patxicortazar.com/,"Vitoria-Gasteiz, Spain",Archinect,Architecture / Design Firm,
ALT arquitectura,cell: +34 657552410,alt@altarquitectura.es,http://www.facebook.com/pages/Madrid-Spain/ALT-arquitectura-obra/292139597091,x,Archinect,Architecture / Design Firm,
Jordi Surroca,x,x,https://architizer.com/firms/jordi-surroca/,x,Archinect,Architecture / Design Firm,
Simón García,x,x,https://architizer.com/firms/simon-garcia/,x,Archinect,Architecture / Design Firm,
"Sau, Taller D'Arquitectura",x,x,http://www.sausl.com/,x,Archinect,Architecture / Design Firm,
MYCC Oficina de Arquitectura,fax: 912994354 / work: 912994354,mycc@mycc.es,http://www.mycc.es,x,Archinect,Architecture / Design Firm,
Duch-Pizá Arquitectos,x,x,http://www.duchpiza.com/index.asp,x,Archinect,Architecture / Design Firm,
Fernandez-Abascal & Muruzabal,work: 942881458,00077@coacan.es,http://www.fernandezabascal-muruzabal.com/,x,Archinect,Architecture / Design Firm,
LOFT4C,work: +32 3 227 44 28,info@loft4c.be,http://www.loft4c.be/,x,Archinect,Architecture / Design Firm,
CMV Architects,fax: +34.971716805 / work: +34.971720839,cmv@cmv-architects.com,http://www.cmv-architects.com,x,Archinect,Architecture / Design Firm,
Destudio Arquitectura,cell: (+34) 697 69 27 06 / work: (+34) 960 051 910,info@destudio.es,https://destudio.es/,x,Archinect,Architecture / Design Firm,
Leclercq associés,work: 01 44 61 82 82,a.wickrameratne@leclercqassocies.fr,https://www.leclercqassocies.fr/en,x,Archinect,Architecture / Design Firm,
OOIIO,work: +34 912826219,press@ooiio.com,http://www.ooiio.com/,"47, Paseo de San Illan, Madrid, Spain",Archinect,Architecture / Design Firm,
Sanahuja & Partners,work: 0034 963 943 875,info@sanahujapartners.com,http://www.sanahujapartners.com/,"Ibiza, Spain",Archinect,Architecture / Design Firm,
Juana Canet Arquitectos,work: +34 916407925,info@juanacanetarquitectos.com,http://www.juanacanetarquitectos.com/,"Balearic Islands, PM, Spain",Archinect,Architecture / Design Firm,
ANTONIO ALTARRIBA ARQUITECTO,work: 963942225,a_altarriba@hotmail.com,http://www.antonioaltarribaarquitecto.com,"18, Carrer Francesc Carbonell, Rocafort, Spain",Archinect,Architecture / Design Firm,
XVSTUDIO,fax: 0034 93 162 08 92 / work: 0034 93 165 73 14,info@xvstudio.com,http://www.xvstudio.com/,x,Archinect,Architecture / Design Firm,
Valentí Albareda,work: 00 34 933 072 398,info@metricintegra.com,http://metricintegra.com,"Barcelona, Spain",Archinect,Architecture / Design Firm,
Castroferro Arquitectos,work: 0034986229748,info@castroferro.com,http://castroferro.com/,x,Archinect,Architecture / Design Firm,
Ariasrecalde Taller de Arquitectura,work: 00 34 958224546,info@ariasrecalde.com,https://architizer.com/firms/ariasrecalde-taller-de-arquitectura/,"1, Calle Nueva de San Antón, Granada, Spain",Archinect,Architecture / Design Firm,
Carlo Berarducci Architecture,work: 0636306429,studio@berarducciarchitecture.com,http://www.berarducciarchitecture.com/,x,Archinect,Architecture / Design Firm,
munarq,work: 647870067,pau.munar@gmail.com,http://munarq.es/,x,Archinect,Architecture / Design Firm,
Santos y Mera arquitectos,work: +34986842343,info@santos-mera.com,http://www.santos-mera.com/,"Pontevedra, Spain",Archinect,Architecture / Design Firm,
RUE,work: 0034948044060,info@ruespace.com,http://www.ruespace.com/,x,Archinect,Architecture / Design Firm,
METROAREA,work: +39-040-2601662,office@metroarea.it,http://www.metroarea.it/,"Bologna, Italy",Archinect,Architecture / Design Firm,
ARQUITECTURA-G,https://arquitecturag.wordpress.com/,info@arquitectura-g.com,http://arquitecturag.wordpress.com/,x,Archinect,Architecture / Design Firm,
Marcos Miguélez,x,x,https://architizer.com/firms/marcos-miguelez/,x,Archinect,Architecture / Design Firm,
PYO arquitectos,x,info@pyoarquitectos.com,http://www.pyoarquitectos.com/,x,Archinect,Architecture / Design Firm,
Viabizzuno,x,x,https://architizer.com/firms/viabizzuno/,x,Archinect,Architecture / Design Firm,
Arcadi Pla I Masmiquel Arquitecte,work: 972 20 95 03,arcadipla@coac.cat,http://www.arcadipla.net/,x,Archinect,Architecture / Design Firm,
AlbertBrito Architecture,x,estudi@albertbrito.com,http://www.albertbrito.com/,"Badalona, Spain",Archinect,Architecture / Design Firm,
Equipo Olivares Arquitectos,fax: 00 34 922 248489 / work: 00 34 922 243232,info@equipolivares.com,http://equipolivares.com/,x,Archinect,Architecture / Design Firm,
Foraster Arquitectos,work: +34 944 243 730,estudio@forasterarquitectos.com,http://www.forasterarquitectos.com/,"Bilbao, Spain",Archinect,Architecture / Design Firm,
Carles Enrich Arquitectura + Urbanisme,x,x,http://www.carlesenrich.com/?lang=en&utm_source=architizer,x,Archinect,Architecture / Design Firm,
Montserrat Nogués,cell: 609839762 / work: 972217313,noguesbosch@coac.net,http://ammarquitectes.com/,x,Archinect,Architecture / Design Firm,
C+ arquitectos,x,info@cmasarquitectas.net,http://www.cmasarquitectos.net,x,Archinect,Architecture / Design Firm,
dosarquitectes,work: +34 932 846 887,estudi@dosarquitectes.com,http://www.dosarquitectes.com/prov/index.html,"23, Avinguda de Can Baró, Barcelona, Spain",Archinect,Architecture / Design Firm,
Miquel Àngel Lacomba ,work: (+34) 971 458 057,arquitectura@mlacomba.com,http://www.mlacomba.com/,"Palma de Mallorca, Spain",Archinect,Architecture / Design Firm,
Abis Arquitectura Interiorismo,x,estudio@abisarquitectura.com,http://www.abisarquitectura.com,x,Archinect,Architecture / Design Firm,
CSO Arquitectura,x,jda@csoarquitectura.com,http://www.csoarquitectura.com/,x,Archinect,Architecture / Design Firm,
cobaleda & garcia  arquitectos,fax: +34913573171 / work: +34913573171,estudio@cobaleda-garcia.com,http://www.cobaleda-garcia.com,x,Archinect,Architecture / Design Firm,
ferran vizoso architecture,x,x,http://www.ferranvizoso.com/,x,Archinect,Architecture / Design Firm,
osb,cell: +34654104824,info@osbreformas.com,http://www.presupuestoonlinereformasvalencia.com/,"160, Carrer d'Escalante, València, Spain",Archinect,Architecture / Design Firm,
Virseda & Vila Architects,fax: 0034 91 5339240 / work: 0034 91 5339240,alexvirseda@gmail.com,http://www.virseda-vila.com/,"14, Calle Cea Bermúdez, Madrid, Spain",Archinect,Architecture / Design Firm,
NABITO ARCHITECTS & PARTNERS,fax: 0034 932257674 / work: 0034 932257674,info@nabitoarchitects.com,http://www.nabitoarchitects.com/,"453, Carrer del Consell de Cent, Barcelona, Spain",Archinect,Architecture / Design Firm,
ROS + FALGUERA ARQUITECTURA,work: +34 937 688 994,press@rosfalguera.com,http://rosfalguera.com,"Barcelona, Spain",Archinect,Architecture / Design Firm,
ISABELLOPEZVILALTA+ASSOCIATES,work: 34932531169,press@isabellopezvilalta.com,https://architizer.com/firms/isabellopezvilaltaassociates/,"Carrer del Putget, Barcelona, Spain",Archinect,Architecture / Design Firm,
Carles Faus Arquitectura,work: +34 665882563,info@carlesfaus.com,https://www.carlesfaus.com/,"119, Carrer d'Albalat, Algemesí, Spain",Archinect,Architecture / Design Firm,
FH2L Arquitectos,work: (+34) 915 777 620,info@fh2l.com,http://www.fh2l.com,"59, Calle de Alcalá, Madrid, Spain",Archinect,Architecture / Design Firm,
Laura Ortín Architecture,x,hola@lauraortin.com,https://lauraortin.com,"Murcia, Spain",Archinect,Architecture / Design Firm,
Henka Arquitectos,work: 687652103,arquitectos@henka.es,https://www.henka.es/,Spain,Archinect,Architecture / Design Firm,
08023 · Architects,work: +34934173723,info@08023.es,http://Blog.08023.es/,"3, Carrer de Copèrnic, Barcelona, Spain",Archinect,Architecture / Design Firm,
Susanna Cots,x,press@susannacots.com,http://www.susannacots.com,Hong Kong,Archinect,Architecture / Design Firm,
Mariano Molina Arquitecto,x,info@marianomolinaarquitecto.es,http://www.marianomolinaarquitecto.es,"Madrid, Spain",Archinect,Architecture / Design Firm,
Virginiaarq,x,x,https://architizer.com/firms/virginiaarq/,x,Archinect,Architecture / Design Firm,
"CARnerero, arquitectura",fax: 34 987 262240 / cell: 609 222162 / work: 34 987 262240,carnerero@gmail.com,http://www.carnerero.com/,x,Archinect,Architecture / Design Firm,
COMA Arquitectura,cell: +34678972224,coma@comarquitectura.com,http://www.comarquitectura.com,"27, Carrer del Comerç, Barcelona, Spain",Archinect,Architecture / Design Firm,
"Murado & Elvira, Architecture and Design",work: +34 91 726 73 63,mail@muradoelvira.com,http://www.muradoelvira.com/,"Madrid, Spain",Archinect,Architecture / Design Firm,
"JAIME SALVÁ, Architecture & Interior design",http://www.salvarq.com/,rrhh@salvarq.com,http://www.salvarq.com/,"15, Passeig del Born, Palma, Spain",Archinect,Architecture / Design Firm,
Allaround Lab,x,hello@allaroundlab.com,http://allaroundlab.com,"2, Carrer de Santa Peronella, Barcelona, Spain",Archinect,Architecture / Design Firm,
Balzar Arquitectos,work: 0034 963607621,info@balzararquitectos.com,https://balzararquitectos.com/,"Carrer de Ribera, València, Spain",Archinect,Architecture / Design Firm,
Standard Studio - Amsterdam,work: +31(0)202613791,hello@standardstudio.nl,http://www.standardstudio.nl/,"26, Jacob Obrechtstraat, Oud-Zuid, Amsterdam, Netherlands",Archinect,Architecture / Design Firm,
2260mm architects,work: 34933107064,info@2260mm.com,http://www.2260mm.com/,"Barcelona, Spain",Archinect,Architecture / Design Firm,
ABIBOO Studio,http://www.abiboo.com/,info@abiboo.com,http://www.abiboo.com/,"Madrid, Spain",Archinect,Architecture / Design Firm,
planell.hirsch oficina de Arquitectura,x,planell.hirsch@gmail.com,http://planell-hirsch.blogspot.com.es/,"Barcelona, Spain",Archinect,Architecture / Design Firm,
DOS Architects,x,x,https://architizer.com/firms/dos-architects/,x,Archinect,Architecture / Design Firm,
Iterare arquitectos,work: 0034 607204069 / work: 0034 696656787,contact@iterarearquitectos.com,http://www.iterarearquitectos.com/,"Valencia, Spain",Archinect,Architecture / Design Firm,
Nuria Pla Studio,work: 480 646 2678,info@nuriaplastudio.com,http://www.nuriaplastudio.com/,"Scottsdale, AZ, United States",Archinect,Architecture / Design Firm,
Cell Workshop Architecture,cell: +34 626 317 448,info@cellworkshop.com,http://www.cellworkshop.com/,"49, Calle Comunidad de Madrid, Las Rozas, Spain",Archinect,Architecture / Design Firm,
Jaime Prous Architects,work: +34 699 02 64 35,jpm@jprousarchitects.com,http://www.jprousarchitects.com/,x,Archinect,Architecture / Design Firm,
Estudi Nao Arquitectura,work: 0034932376267,estudinao@estudinao.com,http://www.estudinao.com/,x,Archinect,Architecture / Design Firm,
Carrillo Arquitectos,work: +34 918708729,info@carrilloarquitectos.com,http://www.carrilloarquitectos.com/,"Madrid, Spain",Archinect,Architecture / Design Firm,
IF arquitectos,work: +34937909891,info@ifarquitectos.com,http://www.ifarquitectos.com/,"1, Plaça Fiveller, Mataró, Spain",Archinect,Architecture / Design Firm,
Jorge López Conde,x,x,https://architizer.com/firms/jorge-lopez-conde/,x,Archinect,Architecture / Design Firm,
Josep Ferrando Bramona,x,x,https://architizer.com/firms/josep-ferrando-bramona/,x,Archinect,Architecture / Design Firm,
González Morgado arquitectura,work: (+34) 663165390 / work: (+34) 663165390,gonzalezmorgadoarquitectura@gmail.com,https://architizer.com/firms/gonzalez-morgado-arquitectura/,"Madrid, Spain",Archinect,Architecture / Design Firm,
ICA arquitectura,x,x,http://www.inaquicarnicero.com/,x,Archinect,Architecture / Design Firm,
Ibiza Interiors || architect & designer,work: +34 697 757 494 / cell: +31(0)646243334,hola@ibizainteriors.com,http://www.ibizainteriors.com/,"Ibiza, Spain",Archinect,Architecture / Design Firm,
t10team,work: 954226901,bs@t10team.com,http://www.t10team.com,"2, Calle San Pablo, Sevilla, Spain",Archinect,Architecture / Design Firm,
Arrokabe ,x,x,https://architizer.com/firms/arrokabe/,x,Archinect,Architecture / Design Firm,
Carrascal-Blas,x,estudio@carrascalblas.com,https://architizer.com/firms/carrascal-blas/,"Madrid, Spain",Archinect,Architecture / Design Firm,
DOSIS ,work: 0034 913579038,estudio@dosis.es,http://www.dosis.es/,"35, Calle Fuente del Romero, Madrid, Spain",Archinect,Architecture / Design Firm,
Joan Miquel Segui Arquitecte,x,info@jmsegui.com,http://www.jmsegui.com/,x,Archinect,Architecture / Design Firm,
Fernando Nieto Architect,x,info@fernandonietoarchitect.com,http://fernandonietoarchitect.com/,"Madrid, Spain",Archinect,Architecture / Design Firm,
Alejandro Giménez Architect,work: +34 951253412,estudio@alejandrogimenez.net,http://alejandrogimenez.net/,"67, Avenida Andalucía, Estepona, Spain",Archinect,Architecture / Design Firm,
ALTRES (Marcial Lázaro) / SCHÜCO,x,x,https://architizer.com/firms/altres-marcial-lazaro-schueco/,x,Archinect,Architecture / Design Firm,
alcolea+tárrago arquitectos,work: +34 948 252 069,info@acoleatarrago.com,http://www.alcoleatarrago.com/,x,Archinect,Architecture / Design Firm,
OOKO Industriarquitectura,work: +34 913106118,ooko@ooko.es,http://www.ooko.es/,"Madrid, Spain",Archinect,Architecture / Design Firm,
DITA Building,fax: 0034971303208 / work: 0034971199773,ibiza@dita.es,http://www.dita.es,x,Archinect,Architecture / Design Firm,
aguilera|guerrero  architects,x,agua@coac.cat,http://aguileraguerreroarquitectos.blogspot.com.es/,x,Archinect,Architecture / Design Firm,
riaño + arquitectos,x,r-arquitectos@r-arquitectos.com,http://www.r-arquitectos.com/,x,Archinect,Architecture / Design Firm,
PMA Studio,work: +34609584009,studio@pmastudio.com,http://www.pmastudio.com,"Palma, Spain",Archinect,Architecture / Design Firm,
Taller de Casqueria,cell: +34626080579,hola@casqueria-casqueria.com,https://architizer.com/firms/taller-de-casqueria/,x,Archinect,Architecture / Design Firm,
BELLAFILARQUITECTES,work: 34932691288,amassaguearq@gmail.com,http://www.bellafilarquitectes.com/,"73, Ronda Carril, La Garriga, Spain",Archinect,Architecture / Design Firm,
URLO Studio,cell: +593 (02) 333 19 13,info@urlostudio.com,https://www.urlostudio.com,"Valencia, Spain",Archinect,Architecture / Design Firm,
Baum Lab,x,x,https://architizer.com/firms/baum-lab/,"Seville, Spain",Archinect,Architecture / Design Firm,
Azpilicueta Arquitectura y Paisaje,x,x,https://architizer.com/firms/azpilicueta-arquitectura-y-paisaje/,"Calle de Irunlarrea, Pamplona, Spain",Archinect,Architecture / Design Firm,
Marc Rabassa │ Ral,x,info@ralarquitectes.com,http://ralarquitectes.com/,"Barcelona, Spain",Archinect,Architecture / Design Firm,
Simon,x,x,https://architizer.com/firms/simon-1/,x,Archinect,Architecture / Design Firm,
Estudio Peña Ganchegui,work: +34 943 275 107,info@ganchegui.com,http://www.ganchegui.com/,"Donostia, Spain",Archinect,Architecture / Design Firm,
sio2 arch,x,llortega@sio2arch.com,http://sio2arch.tumblr.com/,x,Archinect,Architecture / Design Firm,
AmBau Taller D'Arquitectes,cell: +34 635510747 / work: +34 960 045 173,taller@ambau.es,http://www.ambau.es/,"10, Carrer de Quart, València, Spain",Archinect,Architecture / Design Firm,
López Rivera Arquitectes,work: (+34) 93 317 6902,info@lopez-rivera.com,http://www.lopez-rivera.com/,x,Archinect,Architecture / Design Firm,
Nimú,work: 913106118,margarita@nimu.com.es,http://www.nimu.com.es/,"Centro, Madrid, Spain",Archinect,Architecture / Design Firm,
VALDIVIESO ARQUITECTOS,x,estudio@valdiviesoarquitectos.com,http://www.valdiviesoarquitectos.com/,"Madrid, Spain",Archinect,Architecture / Design Firm,
xulio turnes,work: 0034 881 81 93 75,info@domohomo.es,http://www.domohomo.es/,"Santiago de Compostela, Spain",Archinect,Architecture / Design Firm,
Clara Nubiola,x,x,https://architizer.com/firms/clara-nubiola/,x,Archinect,Architecture / Design Firm,
Javier Lafita,x,jlsarquitecto@hotmail.com,https://architizer.com/firms/javier-lafita/,x,Archinect,Architecture / Design Firm,
lopezneiraciaurri arquitectos,x,oficina@lopezneiraciaurri.com,http://lopezneiraciaurri.com,x,Archinect,Architecture / Design Firm,
Acha Zaballa Arquitectos,x,estudio@achazaballa.com,http://www.achazaballa.com/achazaballa.html,x,Archinect,Architecture / Design Firm,
Daniel Isern Associats,cell: 606340288,estudi@isern.pro,http://www.isern.pro/,x,Archinect,Architecture / Design Firm,
Efrain Pintos,x,x,https://architizer.com/firms/efrain-pintos/,x,Archinect,Architecture / Design Firm,
Quico Jorreto,x,x,https://architizer.com/firms/quico-jorreto/,x,Archinect,Architecture / Design Firm,
Enproyecto Arquitectura,work: 963 44 96 95,estudio@enproyecto.es,http://www.enproyecto.es/home.html,x,Archinect,Architecture / Design Firm,
Thomas de Cruz,work: +44 (20) 8995 8100,tdc@thomasdecruz.com,http://www.thomasdecruz.com/,x,Archinect,Architecture / Design Firm,
Fuses Viader Architects,work: +34 972217458,fusesviader@coac.net,http://www.fusesviaderarquitectes.com,"5, Carrer Bonaventura Carreras I Peralta, Girona, Spain",Archinect,Architecture / Design Firm,
Arturo Franco,x,x,http://www.arturofranco.es/estudio.asp?ID=7&IDC=1&ORG1=2&ORG2=1&IDM=2&IDM2=7&utm_source=architizer,x,Archinect,Architecture / Design Firm,
Alberto Rubio,x,projects@albertorubio.com,http://www.albertorubio.com,x,Archinect,Architecture / Design Firm,
Ameneirosrey | HH Architects,x,x,https://architizer.com/firms/ameneirosrey-hh-architects/,x,Archinect,Architecture / Design Firm,
Blancafort-Reus Arquitectura,x,blanc@coac.net,http://www.blancafort-reus.com/,x,Archinect,Architecture / Design Firm,
COARCO,x,x,https://architizer.com/firms/coarco/,x,Archinect,Architecture / Design Firm,
CONSLAU S.L.,x,x,https://architizer.com/firms/conslau-sl/,x,Archinect,Architecture / Design Firm,
Construcciones Sebastia,x,x,https://architizer.com/firms/construcciones-sebastia/,x,Archinect,Architecture / Design Firm,
"Cubus, Taller d'Arquitectura",x,x,http://www.cubusarquitectura.com/cubus/ESTUDIO.html,x,Archinect,Architecture / Design Firm,
DASEIN.Ingenieros,x,x,https://architizer.com/firms/daseiningenieros/,x,Archinect,Architecture / Design Firm,
Estudi d'Arquitectura Toni Gironès,fax: 93.415.70.49 / work: 93.217.25.16,info@tonigirones.com,http://www.tonigirones.com/,x,Archinect,Architecture / Design Firm,
Eurobuild Costablanca,work: 677671713,office@edenpool.net,http://www.eurobuild.es,x,Archinect,Architecture / Design Firm,
GBANG,x,x,https://architizer.com/firms/gbang/,x,Archinect,Architecture / Design Firm,
IDM Ingeniería y Diseño de Proyectos Modulares,x,x,https://architizer.com/firms/idm-ingenieria-y-diseno-de-proyectos-modulares/,x,Archinect,Architecture / Design Firm,
IFV-Antonio Vaillo,x,x,https://architizer.com/firms/ifv-antonio-vaillo/,x,Archinect,Architecture / Design Firm,
JSV Arquitectos,x,x,http://www.jsv01.com/,x,Archinect,Architecture / Design Firm,
James&Mau Arquitectura,x,x,http://www.jamesandmau.com/#/inicio,x,Archinect,Architecture / Design Firm,
Jean-Luc Laloux,x,x,https://architizer.com/firms/jean-luc-laloux/,x,Archinect,Architecture / Design Firm,
Jesús Cardona,x,x,https://architizer.com/firms/jesus-cardona/,x,Archinect,Architecture / Design Firm,
Luis Miguel Navarro,x,x,https://architizer.com/firms/luis-miguel-navarro/,x,Archinect,Architecture / Design Firm,
Marcel Wanders Studio,x,x,https://architizer.com/firms/marcel-wanders-studio/,x,Archinect,Architecture / Design Firm,
Momo Estudio,x,momo@momoestudio.es,http://www.momoestudio.es/ES/estudio.html,x,Archinect,Architecture / Design Firm,
Moncova Zamora,x,x,https://architizer.com/firms/moncova-zamora/,x,Archinect,Architecture / Design Firm,
QUADRATURA Arquitectos,x,x,http://en.quadraturaarquitectos.com/,x,Archinect,Architecture / Design Firm,
RTA-Office,x,x,https://architizer.com/firms/rta-office/,x,Archinect,Architecture / Design Firm,
SAIZVERDOUX,x,info@saizverdoux.com,http://fundacion.arquia.es/es/firmas/saizverdoux,"653, Gran Via de les Corts Catalanes, Barcelona, Spain",Archinect,Architecture / Design Firm,
Sebastian Knorr,x,x,https://architizer.com/firms/sebastian-knorr/,x,Archinect,Architecture / Design Firm,
Teo Hidalgo Nacher,x,x,http://arquitectes.coac.net/teohnacher/,x,Archinect,Architecture / Design Firm,
Vicente Martinez Calvente + Toni Elvar,x,x,https://architizer.com/firms/vicente-martinez-calvente-toni-elvar/,x,Archinect,Architecture / Design Firm,
Vicente Picó Arquitectos,cell: 0034651466578,proyectos@vicentepicoarquitectos.com,http://www.vicentepicoarquitectos.com,"Museros, Spain",Archinect,Architecture / Design Firm,
ZigZag Architecture,x,oficina@zigzagarquitectura.com,http://www.zigzagarquitectura.com/,x,Archinect,Architecture / Design Firm,
f451 arquitectura,x,f451@f451arquitectura.com,http://www.f451arquitectura.com,x,Archinect,Architecture / Design Firm,
gaSSz arquitectos,x,gassz@gassz.es,http://www.gassz.es/,x,Archinect,Architecture / Design Firm,
terceroderecha arquitectos,work: +34 881 874 320,x,http://www.terceroderecha.com/,x,Archinect,Architecture / Design Firm,
Ballard+Mensua Architecture,work: (202) 810-6555 / work: (703) 992-7580,info@ballardmensua.com,http://www.ballardmensua.com/,"5185, MacArthur Boulevard, Washington, DC, United States",Archinect,Architecture / Design Firm,
Philolumière - lighting design,work: +33 7 51 62 06 94,tarasova@philolumiere.fr,http://www.philolumiere.fr/,"2, Boulevard de la Corniche d'Or, Théoule-sur-Mer, France",Archinect,Architecture / Design Firm,
"Jordi Farrando, architect",fax: +34 93 451 51 51 / work: +34 93 323 45 35,info@farrando.com,http://www.farrando.com,x,Archinect,Architecture / Design Firm,
OFMAA,work: 0031 20 331 33 09,info@ofmaa.com,http://www.ofmaa.com,"350, Willem de Zwijgerlaan, Amsterdam-West, Amsterdam, Netherlands",Archinect,Architecture / Design Firm,
Wizhevsky Architect,work: +88002017452 / work: +78124380220,info@wizhevsky.com,https://wizhevsky.com/,"46, Ulitsa Obrucheva, Yugo-Zapadnyy administrativnyy okrug, Moskva, Russia",Archinect,Architecture / Design Firm,
CFP Woods,cell: 1-519-983-3038,sales@cfpwoods.com,http://www.cherryforest.ca/p-thermowood.asp,"Guelph, Canada",Archinect,Architecture / Design Firm,
"Alex Gasca, architect",cell: 0034 943 453 276 / work: 0034 933 077 450,info@alexgasca.com,http://www.alexgasca.com,x,Archinect,Architecture / Design Firm,
"Arquitectos Ayala, S.L.P",x,estudio@arquitectosayala.com,http://www.arquitectosayala.com,x,Archinect,Architecture / Design Firm,
Pablo Muñoz Payá Arquitectos,cell: (+34) 686523553,pablo@munozpaya.com,http://munozpaya.com,"40, Carrer Brigadier Algarra, Petrer, Spain",Archinect,Architecture / Design Firm,
GERARDO GARCIA | ARQUITECTURA,work: +525552025242 / work: +525555403535,info@ggarquitectura.mx,http://www.ggarquitectura.mx/,"Mexico City, Mexico",Archinect,Architecture / Design Firm,
Estudio ARQUINUR RG. S.L.P.,work: +34922774101,info@arquinur.org,http://arquinur.blogspot.com/,"Santa Cruz de Tenerife, Spain",Archinect,Architecture / Design Firm,
Simona Garufi,cell: 0034628161732,simona@simonagarufi.com,http://simonagarufi.wix.com/arqdesign,"Madrid, Spain",Archinect,Architecture / Design Firm,
Teresa Sapey Studio ,work: : +34 917 450 876 ,info@teresasapey.com,http://www.teresasapey.com/,"Madrid, Spain",Archinect,Architecture / Design Firm,
APARICIO Y ASOCIADOS ARQUITECTOS,work: (+34) 91 831 69 24,info@aparicioarquitectos.com,http://www.aparicioarquitectos.com/,"Alcobendas, Spain",Archinect,Architecture / Design Firm,
Abrils Studio,x,anna@abrilsstudio.com,http://www.abrilsstudio.com/,x,Archinect,Architecture / Design Firm,
ATG Design,cell: +359 89 688 8495,office@atg-design.com,http://atg-design.com,"150, bulevard ""Sveti Kliment Ohridski"", Sofia, Bulgaria",Archinect,Architecture / Design Firm,
FRANCONI ARCHITECTS,fax: +34 932082391 / work: +34 932082391 / http://www.franconiarchitects.com,info@franconiarchitects.com,http://www.franconiarchitects.com/,"337, Carrer de Nàpols, Barcelona, Spain",Archinect,Architecture / Design Firm,
CuellarStone,fax: +34 950 43 67 31 / work: +34 687012449 / work: +34 610717252 / work: +34 950121900,cuellar@cuellarstone.com,http://www.cuellarstone.com/index.html,"Cantoria, Spain",Archinect,Architecture / Design Firm,
i4ubcnArchitizer.,cell: +34602319323,conceptstorebcn@gmail.com,https://m.facebook.com/i4ubcnArchitizer/,x,Archinect,Architecture / Design Firm,
ON-A,work: +34 932 184 306,contact@on-a.es,http://www.on-a.es/,x,Archinect,Architecture / Design Firm,
Porcelanosa,x,x,https://architizer.com/firms/porcelanosa/,x,Archinect,Architecture / Design Firm,
Diaz Cano Interior Design,work: 647 75 82 43,comunica@diazcano.com,http://www.diazcano.es/,"Valencia, Spain",Archinect,Architecture / Design Firm,
BC STUDIO ARCHITECTS- JAVIER BARBA,fax: 0034-93-204-26-97 / cell: 670-01-1988 / work: 0034-93-204-42-06,javbarba@bcarquitectos.com,http://www.greenarchitecture.com,x,Archinect,Architecture / Design Firm,
Jose Piris & Asociados,x,x,https://architizer.com/firms/jose-piris-asociados/,x,Archinect,Architecture / Design Firm,
Alejandro Gimenez Architects,work: +34 951 253 412,administracion@alejandrogimenez.net,http://alejandrogimenez.net/,x,Archinect,Architecture / Design Firm,
YLAB Arquitectos Barcelona,work: + 34 93 4864807,info@ylab.es,http://ylab.es/index.php/en/,"85, Carrer de Pallars, Barcelona, Spain",Archinect,Architecture / Design Firm,
Signature Group,work: 0034 871 570 524,info@signature-estate.com,http://www.signature-estate.com/,"Santa Ponsa, Spain",Archinect,Architecture / Design Firm,
Soma Arquitectura ImasD,work: 0034 881 964 880,colectivo@somaa.es,http://www.somaa.es/,"46, Rúa San Andrés, A Coruña, Spain",Archinect,Architecture / Design Firm,
Envés arquitectos,work: +34 916411277 / work: +34916411277,haz@envesarquitectos.com,http://masdearte.com/opinion/enves/,"Alcorcón, Spain",Archinect,Architecture / Design Firm,
Martinwäschlearchitekten,work: 05251 7095987,info@martinwaeschlearchitekten.de,http://www.martinwaeschlearchitekten.de/,"24, Schulze-Delitzsch-Straße, Kernstadt, Paderborn, Germany",Archinect,Architecture / Design Firm,
SADAA,cell: 00 1 718 530 852 / work: 913234247,severinoalfonsodunn@sadaa.eu,http://www.sadaa.eu,x,Archinect,Architecture / Design Firm,
Minimal Studio,cell: 660 67 18 78,info@minimalstudio.es,https://www.minimalstudio.es,"23, Carrer Gabriel Roca, Alcúdia, Spain",Archinect,Architecture / Design Firm,
Line architecture studio,x,Line.arch.office@gmail.com,https://architizer.com/firms/line-architecture-studio/,Iran,Archinect,Architecture / Design Firm,
"Soler-Morató, arquitectes",cell: 0034 687436219,solermorato@hotmail.com,https://architizer.com/firms/salvador-soler/,x,Archinect,Architecture / Design Firm,
ZOOarquitectura,x,x,https://architizer.com/firms/zooarquitectura/,x,Archinect,Architecture / Design Firm,
Estudio Bher Arquitectos,x,estudiobher@gmail.com,http://www.estudiobher.com/,x,Archinect,Architecture / Design Firm,
CABRÉ I DÍAZ ARQUITECTES,x,estudi@cabreidiazarquitectes.cat,http://www.cabreidiazarquitectes.cat/,"6, Carrer de Santa Joaquima, Sant Cugat del Vallès, Spain",Archinect,Architecture / Design Firm,
architecTUR,fax: 971 311 024 / work: 971 311 024,jjturib@gmail.com,http://jjturib.blogspot.com,x,Archinect,Architecture / Design Firm,
desarq,cell: +34 619 272 308 / work: +34 871 71 34 50,info@desarq.es,http://www.desarq.es,x,Archinect,Architecture / Design Firm,
"Arquitectos Madrid 2.0 | Arquitectura, Construcción y Reformas de Viviendas",work: 910414295,contacto@arquitectosmadrid20.com,http://www.arquitectosmadrid20.com/blog/,"Madrid, Spain",Archinect,Architecture / Design Firm,
ARK Architects,x,info@ark-arquitectos.com,https://ark-architects.com,"Marbella, Spain",Archinect,Architecture / Design Firm,
XTid,https://www.xtintegratedesign.com/,x,https://www.xtintegratedesign.com/,x,Archinect,Architecture / Design Firm,
IBIZALIVING,work: +34 971 332 911 / https://ibizaliving.net,arq@ibizaliving.net,https://ibizaliving.net,"Santa Eulària des Riu, Spain",Archinect,Architecture / Design Firm,
Exterpark Hardwood Decking & Cladding,work: 01494 711 800 / work: 01494 291 033,venetia@exteriorsolutionsltd.co.uk,http://www.exteriordecking.co.uk/,"Raans Road, Amersham, United Kingdom",Archinect,Architecture / Design Firm,
ZOUT Ontwerphuis,x,Info@zoutontwerpt.nl,http://www.zoutontwerpt.nl/,x,Archinect,Architecture / Design Firm,
Arquivall Arquitectura ,work: +00 34 93 683 42 69 / http://www.arquivall.com/,arquivall@arquivall.com,http://www.arquivall.com/,x,Archinect,Architecture / Design Firm,
FERREIRA ARQUITECTOS,work: +34 923 264 932,info@ferreiraarquitectos.com,http://www.ferreiraarquitectos.com/,x,Archinect,Architecture / Design Firm,
404 Not Found|arquitectos slp,cell: +34 658 752 820 / work: +34 954 451 700,contact@404notfound.es,http://www.404notfound.es/,"Seville, Spain",Archinect,Architecture / Design Firm,
A-22-2,x,architecture@a-22-2.com,http://www.a-22-2.com,x,Archinect,Architecture / Design Firm,
Grafeno Arquitectura ,work: 0034961089766,info@grafenoarquitectura.es,http://www.grafenoarquitectura.es/,"37, Plaza Major, Torrent, Spain",Archinect,Architecture / Design Firm,
Hiruki studio,x,studio@hirukistudio.com,http://hirukistudio.com/Studio,"Barcelona, Spain",Archinect,Architecture / Design Firm,
onside | architecture,x,info@onside.es,http://www.onside.es/en,x,Archinect,Architecture / Design Firm,
Daniele Claudio Taddei,work: +41 79 409 48 50,taddei@milnor.net,http://taddei-architect.com/,"33, Färberstrasse, Kreis 8, Zürich, Switzerland",Archinect,Architecture / Design Firm,
Ceres A+D,x,x,https://architizer.com/firms/ceres-ad/,x,Archinect,Architecture / Design Firm,
Arquitectura Veliz,work: +346753635,info@arquitecturaveliz.com,http://www.arquitecturaveliz.com/,"Derio, Spain",Archinect,Architecture / Design Firm,
Househam Henderson,work: 020 7940 3170,london@househamhenderson.com,http://www.househamhenderson.com/,"Madrid, Spain",Archinect,Architecture / Design Firm,
SEBAUS Office of Architecture,work: +34 913729368,info@sebaus.com,http://www.sebaus.com,x,Archinect,Architecture / Design Firm,
alvarez gomez arquitectos,x,x,http://www.agarquitectos.net,x,Archinect,Architecture / Design Firm,
ebolar,x,x,https://architizer.com/firms/ebolar/,x,Archinect,Architecture / Design Firm,
Mirror Arquitectos,work: +34 91 314 91 29,email@mirrorarquitectos.com,http://www.mirrorarquitectos.com/,"Calle Biarrizh-F. Fresno-, Fuente del Fresno, Spain",Archinect,Architecture / Design Firm,
MG&AG Arquitectos Asociados,x,andres@mgagarquitectos.com,http://mgagarquitectos.com/website/,"Calle Historiador Joan Mari Cardona, Eivissa, Spain",Archinect,Architecture / Design Firm,
LUITOM INTERIORISMO,work: +34910414295,luitom@luitom.es,https://www.luitominteriorismo.com/,"Calle del Alcalde Sáinz de Baranda, Madrid, Spain",Archinect,Architecture / Design Firm,
NEGRE INTERIOR DESIGN STUDIO,work: +34 971701662,info@negre.es,http://negre.es,"262, Avinguda de Joan Miró, Palma, Spain",Archinect,Architecture / Design Firm,
i+i studio,x,info@iplusistudio.com,http://www.iplusistudio.com/,x,Archinect,Architecture / Design Firm,
saz arquitectos,x,info@sazarquitectos.com,https://architizer.com/firms/saz-arquitectos/,x,Archinect,Architecture / Design Firm,
Andreas Hummel Architekt,cell: 678975625,despacho@hummel-architekt.eu,http://andreashummelmallorca.com/,"13, Carrer Monti-Sion, Palma, Spain",Archinect,Architecture / Design Firm,
Zucchero Architects,x,info@zuccheroarchitects.com,http://www.zuccherodesign.com,"Balearic Islands, PM, Spain",Archinect,Architecture / Design Firm,
Quino Bono Arquitectos,work: 960612121 / https://www.quinobono.com/,hola@quinobono.com,https://www.quinobono.com/,x,Archinect,Architecture / Design Firm,
Fausto Calvo ,x,faustocalvo@live.it,http://www.faustocalvoarchitetto.com,"Granada, Spain",Archinect,Architecture / Design Firm,
"Gabriel Santos, planung + design",work: 0034 971 632679,mail@gabrielsantos.net,http://www.gabrielsantos.net,x,Archinect,Architecture / Design Firm,
WDCA | Worldwide Design & Communication Agency,work: +34 979 041 644,info@wd-ca.com,http://wd-ca.com,Spain,Archinect,Architecture / Design Firm,
e2b arquitectos,x,info@e2barquitectos.com,http://www.e2barquitectos.com,"Alicante, Spain",Archinect,Architecture / Design Firm,
ADORAS atelier architecture,work: 965 14 53 10,mail@adoras.es,http://adoras.es,"Alicante, Spain",Archinect,Architecture / Design Firm,
i2G Architects,work: +34 946 000 681,i2g@i2garquitectos.com,https://www.i2garquitectos.com/,x,Archinect,Architecture / Design Firm,
Veinteporveinte Estudio,other: 00 34 635714154  / work: 00 34 647800864,info@veinteporveinte.com,http://www.veinteporveinte.com/,"Valencia, Spain",Archinect,Architecture / Design Firm,
ANDREA MUÑOZ DISEÑO,x,info@yoursite.com,http://www.andreamunozdiseno.com/,"León, Spain",Archinect,Architecture / Design Firm,
MAPAa / Marcos Parga / Architecture & Design,work: +34 913 149 129,mparga@icloud.com,http://mapaa.es/,x,Archinect,Architecture / Design Firm,
Zoka Zola Architecture + Urban Design,x,x,https://architizer.com/firms/zoka-zola-architecture-urban-design/,x,Archinect,Architecture / Design Firm,
Antonio Tort. Architect,work: +34 982 243 097,correo@atort.com,http://www.atort.com/,"Lugo, Spain",Archinect,Architecture / Design Firm,
Sergio Carrillo Martínez,x,sergio.carrillo73@gmail.com,https://architizer.com/firms/sergio-carrillo-martinez/,"Lorca, Spain",Archinect,Architecture / Design Firm,
Alberto Cerezo Narváez,x,jquery@1.10.2 / architecture@3x.png / architecture@2x.png / network@2x.png / network@3x.png,http://www.behance.net/acerezon,x,Archinect,Architecture / Design Firm,
3VE,x,x,https://architizer.com/firms/3ve/,x,Archinect,Architecture / Design Firm,
Aunon Cabrera,x,mariajose@aunoncabrera.com,http://www.aunoncabrera.com/,x,Archinect,Architecture / Design Firm,
IMAGINARQ ESTUDI D´ARQUITECTURA S.L.,work: +34 966476578,imaginarq@imaginarq.es,http://www.imaginarq.es,x,Archinect,Architecture / Design Firm,
Alonso-Sosa,work: +34 928430530,info@alonso-sosa.com,http://www.alonso-sosa.com/,"1, Calle Sor Ana, Santa Brígida, Spain",Archinect,Architecture / Design Firm,
Andrusskiy Design,cell: +79788214166,andrusskiy@gmail.com,https://architizer.com/firms/andrusskiy-design/,x,Archinect,Architecture / Design Firm,
Bioarkiteco,cell: 676151914 / http://www.bioarkiteco.com/habitatge-de-tapia-a-martorelles.html / http://www.bioarkiteco.com/escola-bressol-puacuteblica.html / http://www.bioarkiteco.com/mur-de-tapia-per-a-celler-al-priorat.html,miquel@ecoarquitectura.info,http://www.ecoarquitectura.info//ecoarq/wp-content/themes/diaporama/index.html,x,Archinect,Architecture / Design Firm,
D . a r k,cell: 00393470578445,info@darkrender3d.com,http://www.darkrender3d.com/,x,Archinect,Architecture / Design Firm,
DISEÑO&ARQUITECTURA,x,info@disenoiarquitecturaestudio.com,https://architizer.com/firms/modular-homes-tech/,"Rúa Manuel Azaña, A Coruña, Spain",Archinect,Architecture / Design Firm,
Estudi Alfa arquiectes slp,x,x,http://www.estudialfa.com/,x,Archinect,Architecture / Design Firm,
DAVIDE GROPPI,x,x,https://architizer.com/firms/davide-groppi/,x,Archinect,Architecture / Design Firm,
RUE Space,x,x,https://architizer.com/firms/rue-space/,x,Archinect,Architecture / Design Firm,
irori arquitectura,x,info@irori.es,http://www.irori.es,"14, Rúa do Ecuador, Vigo, Spain",Archinect,Architecture / Design Firm,
mjv arquitectos,work: +34 955 82 42 68,estudio@mjvarquitectos.com,https://mjvarquitectos.com/,"2, Plaza Cardenal Spinola, El Saucejo, Spain",Archinect,Architecture / Design Firm,
LIQE arquitectura,work: 986470726,info@liqe.es,http://www.liqe.es,x,Archinect,Architecture / Design Firm,
Pepa Diaz Arquitecta,work: +34 606512526,pepadiazarquitecta@gmail.com,http://www.pepadiazarquitecta.es,"Murcia, Spain",Archinect,Architecture / Design Firm,
inaki leite design,cell: +44 (0) 7403086430 / work: +44 (0) 2034056820,inaki@inakileite.com,http://inakileite.com/,"Greater London, England, United Kingdom",Archinect,Architecture / Design Firm,
rubial·sanchez,x,arquitectos@rubial-sanchez.com,http://rubial-sanchez.com/,"Madrid, Spain",Archinect,Architecture / Design Firm,
jle arquitrectos,work: +34 971724962 / http://www.jle.de,info@jle.de,http://www.jle.de/,x,Archinect,Architecture / Design Firm,
Esculpir el Aire / José Ángel Ruiz Cáceres,x,esculpirelaire@ctaa.net,http://esculpirelaire.com/,"31, Avenida Juan Sanchis Candela, Alicante, Spain",Archinect,Architecture / Design Firm,
Est&Saton,cell: +34 669221746,estsaton@gmail.com,http://estsatonenparalelo.wordpress.com/,"Madrid, Spain",Archinect,Architecture / Design Firm,
domniu,x,fernando.domniu@gmail.com,https://architizer.com/firms/domniu/,x,Archinect,Architecture / Design Firm,
Estudio de Arquitectura e Ingeniería Mirtolini,cell: 0034-663718740,massimo@eaimirtolini.com,http://www.eaimirtolini.com/,"16, Carrer d'Àngel Guimerà, Sant Just Desvern, Spain",Archinect,Architecture / Design Firm,
Ian Thompson Architect,work: 020 71003923,info@ianthompsonarchitect.com,http://ianthompsonarchitect.com/,"London, United Kingdom",Archinect,Architecture / Design Firm,
dzerostudio_architectes sprl,work: + 32 496833060,info@dzerostudio.com,http://www.dzerostudio.com/,"Brussels, Belgium",Archinect,Architecture / Design Firm,
DISEV ARQUITECTURA,work: 955 76 66 89 / cell: 635507428,FSANCHEZ@DISEVARQUITECTURA.COM,https://architizer.com/firms/francisco-sanchez-olivares/,x,Archinect,Architecture / Design Firm,
Reyes Castellano interiores,x,x,https://architizer.com/firms/reyes-castellano-interiores/,x,Archinect,Architecture / Design Firm,
HB Architecture & Design,x,x,https://architizer.com/firms/hb-architecture-design/,x,Archinect,Architecture / Design Firm,
GLORIA GONZALEZ,x,x,https://architizer.com/firms/glo_-interior-design/,x,Archinect,Architecture / Design Firm,
FerMan architects,x,x,https://architizer.com/firms/ferman-architects/,x,Archinect,Architecture / Design Firm,
JOSE LUIS GUILLEN ARQUITECTOS,x,x,http://www.olberten.es/,"Valencia, Spain",Archinect,Architecture / Design Firm,
TUAN&CO. Arquitectura,x,info@tuanandco.com,http://www.tuanandco.com/,"Marbella, Spain",Archinect,Architecture / Design Firm,
Tabuenca & Leache,work: +34 948 248 353 / http://www.tabuenca-leache.com,arquitectos@tabuenca-leache.com,http://www.tabuenca-leache.com/,"34, Calle Felipe Gorriti, Pamplona, Spain",Archinect,Architecture / Design Firm,
valls|musquera arquitectos,x,x,https://architizer.com/firms/vallsmusquera-arquitectos/,x,Archinect,Architecture / Design Firm,
Raul Garcia Studio,x,x,https://architizer.com/firms/raul-garcia-studio/,x,Archinect,Architecture / Design Firm,
Vladys Zakirov,x,zakirov.work@gmail.com,http://www.zakirov.org,"Valencia, Spain",Archinect,Architecture / Design Firm,
arqbag,x,x,https://architizer.com/firms/arqbag/,x,Archinect,Architecture / Design Firm,
Arturo Sanz,work: 699346748,fran@acontrapeu.com,http://www.gradolisanz.acontrapeu.com/,"10, Carrer d'Alegret, València, Spain",Archinect,Architecture / Design Firm,
Juan Pedro Alias Arquitecto,x,juanpedroaliash@gmail.com,https://architizer.com/firms/juan-pedro-alias-arquitecto/,x,Archinect,Architecture / Design Firm,
NSA arquitectos,x,x,https://architizer.com/firms/nsa-arquitectos/,x,Archinect,Architecture / Design Firm,
Patrick Genard & Asociados,work: +34 93 511 14 60,info@patrickgenard.com,https://www.patrickgenard.com/,"46, Carrer de Zamora, Barcelona, Spain",Archinect,Architecture / Design Firm,
Amarillocromo,work: 645 474 760 / work: 648 024 427,amarillocromo@amarillocromo.com,https://www.amarillocromo.com/,x,Archinect,Architecture / Design Firm,
Neoblock,x,x,http://neoblockmodular.com,x,Archinect,Architecture / Design Firm,
AEH SL,x,x,https://architizer.com/firms/aeh-sl/,x,Archinect,Architecture / Design Firm,
ANNA PODIO,x,info@annapodio.com,http://annapodio.com/,"44, Carrer de Ramon y Cajal, Barcelona, Spain",Archinect,Architecture / Design Firm,
COLECTIVO DU,x,hola@colectivodu.es,http://www.colectivodu.es/,x,Archinect,Architecture / Design Firm,
Gaab Arquitectes,cell: +34 639 701 252 ,j.aurell@gaab.cat,http://www.gaab.cat/,"Barcelona, Spain",Archinect,Architecture / Design Firm,
Jaime Sepulcre Arquitecturas,work: 965 44 08 68 / cell: 617466136,jaimesepulcrebernad@gmail.com,http://www.jaimesepulcrearquitecturas.com/,"2, Avinguda de la Llibertat, Elx, Spain",Archinect,Architecture / Design Firm,
Tintorera,work: 0034626383603,info@tintorera.net,https://architizer.com/firms/tintorera/,"Xàbia, Spain",Archinect,Architecture / Design Firm,
genovevacarrionruiz architecture,cell: 0034660093597,genovevacarrionruiz@gmail.com,http://genovevacarrionruiz.com/,"Passeig de Sant Joan, Barcelona, Spain",Archinect,Architecture / Design Firm,
m03 ARQUITECTURA+INGENIERÍA,x,x,http://moracamacho.tk/,"Ceuta, Spain",Archinect,Architecture / Design Firm,
projecte.aiRe,x,x,https://architizer.com/firms/projecteaire/,x,Archinect,Architecture / Design Firm,
Edra arquitectura km0,work: +00 34 630726062,estudio@edraculturaynatura.com,http://www.edraculturaynatura.com/,"6, Avenida Duque de Bivona, Ayerbe, Spain",Archinect,Architecture / Design Firm,
JFGS / José Francisco García-Sánchez,x,jf.gs@upm.es / josefrancisco@coaalmeria.com / ig-badge-view-sprite-24@2x.png,http://www.jfgs.es/,"Almería, Spain",Archinect,Architecture / Design Firm,
Antonio Huerta Arquitectos,cell: 0034699990188 / work: 0034971313924,manuel@tonihuertaarquitectos.es,http://www.antoniohuertaarquitectos.com/,"Ibiza, Spain",Archinect,Architecture / Design Firm,
Tagarro-De Miguel Arquitectos,https://tagarrodemiguelarquitectos.es/,x,http://tagarrodemiguelarquitectos.es/,"Asturias, Spain",Archinect,Architecture / Design Firm,
VelezCarrascoArquitecto,cell: 0034628948552,info@velezcarrascoarquitecto.com,http://www.velezcarrascoarquitecto.com/,"Palafrugell, Spain",Archinect,Architecture / Design Firm,
Alé estudio,work: 605 59 04 94,equipo@ale-estudio.com,http://ale-estudio.com,"1, Plaza de los Mostenses, Madrid, Spain",Archinect,Architecture / Design Firm,
Artigas Arquitectes,work: 0034 93 774 01 31,info@artigasarquitectes.com,http://www.artigasarquitectes.com/,"Martorell, Spain",Archinect,Architecture / Design Firm,
"Buildworks, Inc.",x,x,https://architizer.com/firms/buildworks-inc/,x,Archinect,Architecture / Design Firm,
Malodelapeli,x,x,https://architizer.com/firms/malodelapeli/,x,Archinect,Architecture / Design Firm,
Modulo12,cell: 0034 678531167 / fax: 0034 913205080 / work: 0034 914232430,jpalomo@modulo12.org,http://www.modulo12.org/,"22, Calle Doctor Zamenhof, Madrid, Spain",Archinect,Architecture / Design Firm,
N+A ARQUITECTOS      nuria ruiz acosta/alejandro-s. garoz pérez,work: 0034 625721008,alejandro@na-arquitectos.eu,http://www.na.arquitectos.eu,x,Archinect,Architecture / Design Firm,
Art-quitectura Charlie Díaz,x,info@art-quitectura.com,http://www.art-quitectura.com/,"Madrid, Spain",Archinect,Architecture / Design Firm,
arquitectura SEN MÁIS,fax: 034 - 988221664 / work: 034 - 988221664,arquitectura@senmais.es,http://www.senmais.es,x,Archinect,Architecture / Design Firm,
.,x,x,https://architizer.com/firms/eje-arquitectos/,x,Archinect,Architecture / Design Firm,
Estudio 123,x,x,https://architizer.com/firms/estudio-123/,x,Archinect,Architecture / Design Firm,
RJArquitecte,x,x,https://architizer.com/firms/rjarquitecte/,x,Archinect,Architecture / Design Firm,
ABR ARQUITECTOS,fax: +914310189 / cell: +34617322385 / work: +34917812157,abrarquitectos@abrarquitectos.com,http://www.abrarquitectos.com/,"Madrid, Spain",Archinect,Architecture / Design Firm,
ANGULO ARQUITECTOS,x,x,https://architizer.com/firms/angulo-arquitectos/,x,Archinect,Architecture / Design Firm,
Ad-hoc,fax: +34 968298686 / work: +34 968274278,info@adhocmsl.com,http://www.adhocmsl.com/,"Murcia, Spain",Archinect,Architecture / Design Firm,
Architect Daniel Trujillano,cell: +34 627812076,info@arquitectotrujillano.com,http://interior-design-training.blogspot.com.es/,"Marbella, Spain",Archinect,Architecture / Design Firm,
Construcciones Alabort,x,x,https://architizer.com/firms/construcciones-alabort/,x,Archinect,Architecture / Design Firm,
Crux Arquitectos,cell: +34 606934769,info@cruxarquitectos.com,http://www.cruxarquitectos.com/,"Requena, Spain",Archinect,Architecture / Design Firm,
DesignZone,x,x,https://architizer.com/firms/designzone/,x,Archinect,Architecture / Design Firm,
EPB42 ARQUITECTURA Y PLANEAMIENTO,work: 0034 - 981919243,info@epb42.com,http://www.epb42.com/,"A Coruña, Spain",Archinect,Architecture / Design Firm,
ESTUDIO ROBLE,work: 0034 696992180,info@estudioroble.com,http://www.estudioroble.com/,"4, Calle María Cristina, Gijón, Spain",Archinect,Architecture / Design Firm,
Estudio DReam,work: +34961000201 / cell: +34691693366,info@estudiodream.es,http://www.estudiodream.es/,"Valencia, Spain",Archinect,Architecture / Design Firm,
Fraile+Jordán. Arquitectos,x,x,https://architizer.com/firms/frailejordan-arquitectos/,x,Archinect,Architecture / Design Firm,
Jesús Aparicio Estudio de Arquitectura,work: (0034) 91 5760796,estudio@jesusaparicio.net,http://www.jesusaparicio.net,x,Archinect,Architecture / Design Firm,
LOdiseñaLO,x,x,https://architizer.com/firms/lodisenalo/,x,Archinect,Architecture / Design Firm,
MC_arch in&out design,x,x,https://architizer.com/firms/mc_arch-inout-design/,x,Archinect,Architecture / Design Firm,
Manuel Cerdá Pérez,x,x,https://architizer.com/firms/manuel-cerda-perez/,x,Archinect,Architecture / Design Firm,
Rural Arquitectura,x,cavendanom@gmail.com,http://ruralarquitectura.com/,"EX, Spain",Archinect,Architecture / Design Firm,
costacalsamiglia arquitecte,work: * 34 933 42 49 44,guim@costacalsamiglia.com,https://architizer.com/firms/costacalsamiglia-arquitecte/,"Barcelona, Spain",Archinect,Architecture / Design Firm,
default,x,x,https://architizer.com/firms/default/,x,Archinect,Architecture / Design Firm,
